Eligible,Eligible
000801,Eligible
000802,Eligible
081002,Eligible
000701,Eligible
000800,Eligible
000400,Eligible
001302,Eligible
001803,Eligible
010300,Eligible
001804,Eligible
001901,Eligible
002001,Eligible
002002,Eligible
002101,Eligible
002502,Eligible
002501,Eligible
002202,Eligible
002102,Eligible
009505,Eligible
009507,Eligible
002701,Eligible
002702,Eligible
002801,Eligible
002802,Eligible
003800,Eligible
003700,Eligible
003000,Eligible
003600,Eligible
003500,Eligible
003400,Eligible
003200,Eligible
000201,Eligible
000202,Eligible
005600,Eligible
005500,Eligible
010800,Eligible
010700,Eligible
005301,Eligible
010100,Eligible
005002,Eligible
004902,Eligible
005800,Eligible
005900,Eligible
004901,Eligible
004802,Eligible
004701,Eligible
004702,Eligible
010600,Eligible
007901,Eligible
006801,Eligible
010500,Eligible
006500,Eligible
007200,Eligible
006400,Eligible
007903,Eligible
002302,Eligible
009501,Eligible
009508,Eligible
009203,Eligible
009201,Eligible
004600,Eligible
003302,Eligible
009204,Eligible
009301,Eligible
008702,Eligible
009302,Eligible
009102,Eligible
008802,Eligible
008804,Eligible
011100,Eligible
008903,Eligible
009000,Eligible
008904,Eligible
010400,Eligible